date,Open,High,Low,Close,Volume,VWAP,Transactions,revenues,net_income,gross_profit,operating_income,total_assets,total_liabilities,stockholders_equity,current_assets,current_liabilities,operating_cash_flow,free_cash_flow,diluted_eps,basic_eps,revenue_qoq_growth,revenue_yoy_growth,earnings_qoq_growth,earnings_yoy_growth,profit_margin,gross_margin,current_ratio,debt_to_equity,leverage_ratio,roe,roa,cash_conversion_ratio,pe_ratio,price_to_book,revenue_per_share,news_sentiment,news_sentiment_volatility,news_volume,news_sentiment_ma_5,news_sentiment_ma_20,news_sentiment_momentum,news_volume_ma_5,news_spike,volume_sentiment_interaction,earnings_momentum_20d,earnings_momentum_60d,revenue_momentum_20d,revenue_momentum_60d,equity_growth_20d,equity_growth_60d,roa_trend,leverage_trend,sector_close,sector_return,sector_correlation_20d,sector_correlation_60d,sp500_close,sp500_return,vix,vix_change,high_volatility_regime,treasury_yield,yield_change,dollar_index,dollar_strength,day_of_week,day_of_month,week_of_year,month,quarter,day_sin,day_cos,month_sin,month_cos,is_month_start,is_month_end,is_quarter_end,is_year_end,days_since_quarter_start,is_earnings_season
2024-10-03 04:00:00,225.14,226.805,223.32,225.67,34044158.0,225.0086,516347,85777000000.0,21448000000.0,39678000000.0,25352000000.0,331612000000.0,264904000000.0,66708000000.0,125435000000.0,131624000000.0,28858000000.0,-7286000000.0,1.4,1.4,-0.05483014335614245,0.04865704121178038,-0.09257065493315286,0.07881897288868767,25.004371801298714,46.2571551814589,0.9529796997508053,3.97109791929004,0.7988371952764074,32.15206571925406,6.467799717742421,1.3454867586721373,40.29821428571429,54.127241110511484,5.3610625,0.0,0.0,0.0,0.0,0.0,0.0,0.0,0,0.0,0.0,-0.09257065493315286,0.0,-0.05483014335614245,0.0,-0.10089764670997659,-0.5373068140541113,0.42341212259488925,221.40367126464844,0.004146159456481557,0.5654172172712847,0.6354132185903811,5699.93994140625,-0.001681413492255035,20.489999771118164,0.08412699389840173,1,3.8499999046325684,0.017173003257043407,101.98999786376953,0.003048756467971536,3,3,40,10,4,0.43388373911755823,-0.900968867902419,-0.8660254037844386,0.5000000000000001,1,0,0,0,2,1
2024-10-04 04:00:00,227.9,228.0,224.13,226.8,37345098.0,225.8887,558162,85777000000.0,21448000000.0,39678000000.0,25352000000.0,331612000000.0,264904000000.0,66708000000.0,125435000000.0,131624000000.0,28858000000.0,-7286000000.0,1.4,1.4,-0.05483014335614245,0.04865704121178038,-0.09257065493315286,0.07881897288868767,25.004371801298714,46.2571551814589,0.9529796997508053,3.97109791929004,0.7988371952764074,32.15206571925406,6.467799717742421,1.3454867586721373,40.50000000000001,54.39827307069617,5.3610625,0.0,0.0,0.0,0.0,0.0,0.0,0.0,0,0.0,0.0,-0.09257065493315286,0.0,-0.05483014335614245,0.0,-0.10089764670997659,-0.5373068140541113,0.42341212259488925,223.86801147460938,0.011130530021858931,0.579208650505599,0.6245661212794262,5751.06982421875,0.008970249395274354,19.209999084472656,-0.06246953152482426,0,3.9809999465942383,0.034025985767958566,102.5199966430664,0.005196576040768397,4,4,40,10,4,-0.433883739117558,-0.9009688679024191,-0.8660254037844386,0.5000000000000001,1,0,0,0,3,1
2024-10-07 04:00:00,224.5,225.69,221.33,221.69,39505354.0,223.2342,607240,85777000000.0,21448000000.0,39678000000.0,25352000000.0,331612000000.0,264904000000.0,66708000000.0,125435000000.0,131624000000.0,28858000000.0,-7286000000.0,1.4,1.4,-0.05483014335614245,0.04865704121178038,-0.09257065493315286,0.07881897288868767,25.004371801298714,46.2571551814589,0.9529796997508053,3.97109791929004,0.7988371952764074,32.15206571925406,6.467799717742421,1.3454867586721373,39.5875,53.17263296756011,5.3610625,0.0,0.0,0.0,0.0,0.0,0.0,0.0,0,0.0,0.0,-0.09257065493315286,0.0,-0.05483014335614245,0.0,-0.10089764670997659,-0.5373068140541113,0.42341212259488925,222.32781982421875,-0.006879909462032763,0.6142276143217759,0.6183510943914368,5695.93994140625,-0.009586022165882668,22.639999389648438,0.17855286145995874,1,4.026000022888184,0.011303711855721765,102.54000091552734,0.00019512556687439897,0,7,41,10,4,0.0,1.0,-0.8660254037844386,0.5000000000000001,0,0,0,0,6,1
2024-10-08 04:00:00,224.3,225.98,223.25,225.77,31855693.0,225.0548,495518,85777000000.0,21448000000.0,39678000000.0,25352000000.0,331612000000.0,264904000000.0,66708000000.0,125435000000.0,131624000000.0,28858000000.0,-7286000000.0,1.4,1.4,-0.05483014335614245,0.04865704121178038,-0.09257065493315286,0.07881897288868767,25.004371801298714,46.2571551814589,0.9529796997508053,3.97109791929004,0.7988371952764074,32.15206571925406,6.467799717742421,1.3454867586721373,40.31607142857143,54.15122623973137,5.3610625,0.0,0.0,0.0,0.0,0.0,0.0,0.0,0,0.0,0.0,-0.09257065493315286,0.0,-0.05483014335614245,0.0,-0.10089764670997659,-0.5373068140541113,0.42341212259488925,226.48143005371094,0.018682368372865854,0.6616300897236811,0.6311980198993159,5751.1298828125,0.009689347495581924,21.420000076293945,-0.05388689691892423,1,4.0329999923706055,0.001738690870001669,102.55000305175781,9.754375015758043e-05,1,8,41,10,4,0.7818314824680298,0.6234898018587336,-0.8660254037844386,0.5000000000000001,0,0,0,0,7,1
2024-10-09 04:00:00,225.23,229.75,224.83,229.54,33591091.0,228.3401,519279,85777000000.0,21448000000.0,39678000000.0,25352000000.0,331612000000.0,264904000000.0,66708000000.0,125435000000.0,131624000000.0,28858000000.0,-7286000000.0,1.4,1.4,-0.05483014335614245,0.04865704121178038,-0.09257065493315286,0.07881897288868767,25.004371801298714,46.2571551814589,0.9529796997508053,3.97109791929004,0.7988371952764074,32.15206571925406,6.467799717742421,1.3454867586721373,40.989285714285714,55.05546561132098,5.3610625,0.0,0.0,0.0,0.0,0.0,0.0,0.0,0,0.0,0.0,-0.09257065493315286,0.0,-0.05483014335614245,0.0,-0.10089764670997659,-0.5373068140541113,0.42341212259488925,229.0153350830078,0.011188135948699829,0.7035423194712284,0.634193694744196,5792.0400390625,0.007113411987488272,20.860000610351562,-0.026143765823892218,1,4.066999912261963,0.008430428950080948,102.93000030517578,0.0037054826144293784,2,9,41,10,4,0.9749279121818236,-0.22252093395631434,-0.8660254037844386,0.5000000000000001,0,0,0,0,8,1
2024-10-10 04:00:00,227.78,229.5,227.17,229.04,28183544.0,228.5592,446857,85777000000.0,21448000000.0,39678000000.0,25352000000.0,331612000000.0,264904000000.0,66708000000.0,125435000000.0,131624000000.0,28858000000.0,-7286000000.0,1.4,1.4,-0.05483014335614245,0.04865704121178038,-0.09257065493315286,0.07881897288868767,25.004371801298714,46.2571551814589,0.9529796997508053,3.97109791929004,0.7988371952764074,32.15206571925406,6.467799717742421,1.3454867586721373,40.9,54.935539965221565,5.3610625,0.0,0.0,0.0,0.0,0.0,0.0,0.0,0,0.0,0.0,-0.09257065493315286,0.0,-0.05483014335614245,0.0,-0.10089764670997659,-0.5373068140541113,0.42341212259488925,228.95571899414062,-0.00026031483370136943,0.7103069448778162,0.6120825232151865,5780.0498046875,-0.002070122839989974,20.93000030517578,0.0033556899700895038,1,4.0960001945495605,0.007130632631724865,102.98999786376953,0.0005828967105399041,3,10,41,10,4,0.43388373911755823,-0.900968867902419,-0.8660254037844386,0.5000000000000001,0,0,0,0,9,1
2024-10-11 04:00:00,229.3,229.41,227.34,227.55,31759188.0,228.0176,485460,85777000000.0,21448000000.0,39678000000.0,25352000000.0,331612000000.0,264904000000.0,66708000000.0,125435000000.0,131624000000.0,28858000000.0,-7286000000.0,1.4,1.4,-0.05483014335614245,0.04865704121178038,-0.09257065493315286,0.07881897288868767,25.004371801298714,46.2571551814589,0.9529796997508053,3.97109791929004,0.7988371952764074,32.15206571925406,6.467799717742421,1.3454867586721373,40.63392857142858,54.5781615398453,5.3610625,0.0,0.0,0.0,0.0,0.0,0.0,0.0,0,0.0,0.0,-0.09257065493315286,0.0,-0.05483014335614245,0.0,-0.10089764670997659,-0.5373068140541113,0.42341212259488925,229.35316467285156,0.0017359063161077604,0.7107801596513733,0.620821199589812,5815.02978515625,0.006051847587953629,20.459999084472656,-0.022455863060207304,1,4.072999954223633,-0.005615292781610104,102.88999938964844,-0.000970953259493923,4,11,41,10,4,-0.433883739117558,-0.9009688679024191,-0.8660254037844386,0.5000000000000001,0,0,0,0,10,1
2024-10-14 04:00:00,228.7,231.73,228.6,231.3,39882085.0,230.7772,580529,85777000000.0,21448000000.0,39678000000.0,25352000000.0,331612000000.0,264904000000.0,66708000000.0,125435000000.0,131624000000.0,28858000000.0,-7286000000.0,1.4,1.4,-0.05483014335614245,0.04865704121178038,-0.09257065493315286,0.07881897288868767,25.004371801298714,46.2571551814589,0.9529796997508053,3.97109791929004,0.7988371952764074,32.15206571925406,6.467799717742421,1.3454867586721373,41.30357142857143,55.47760388559094,5.3610625,0.0,0.0,0.0,0.0,0.0,0.0,0.0,0,0.0,0.0,-0.09257065493315286,0.0,-0.05483014335614245,0.0,-0.10089764670997659,-0.5373068140541113,0.42341212259488925,232.3441925048828,0.01304114480520746,0.7393645733632543,0.6283212799135766,5859.85009765625,0.0077076668832223305,19.700000762939453,-0.037145569674535084,0,4.0980000495910645,0.006138005315101225,103.30000305175781,0.003984873792803434,0,14,42,10,4,0.0,1.0,-0.8660254037844386,0.5000000000000001,0,0,0,0,13,1
2024-10-15 04:00:00,233.61,237.49,232.37,233.85,64751367.0,234.795,827530,85777000000.0,21448000000.0,39678000000.0,25352000000.0,331612000000.0,264904000000.0,66708000000.0,125435000000.0,131624000000.0,28858000000.0,-7286000000.0,1.4,1.4,-0.05483014335614245,0.04865704121178038,-0.09257065493315286,0.07881897288868767,25.004371801298714,46.2571551814589,0.9529796997508053,3.97109791929004,0.7988371952764074,32.15206571925406,6.467799717742421,1.3454867586721373,41.75892857142858,56.08922468069797,5.3610625,0.0,0.0,0.0,0.0,0.0,0.0,0.0,0,0.0,0.0,-0.09257065493315286,0.0,-0.05483014335614245,0.0,-0.10089764670997659,-0.5373068140541113,0.42341212259488925,227.23663330078125,-0.021982728076985314,0.6132742197814771,0.6143707943822255,5815.259765625,-0.007609466332438197,20.639999389648438,0.047715664482478326,1,4.038000106811523,-0.014641274293183182,103.26000213623047,-0.0003872305357754957,1,15,42,10,4,0.7818314824680298,0.6234898018587336,-0.8660254037844386,0.5000000000000001,0,0,0,0,14,1
2024-10-16 04:00:00,231.6,232.12,229.84,231.78,34082240.0,231.1082,551097,85777000000.0,21448000000.0,39678000000.0,25352000000.0,331612000000.0,264904000000.0,66708000000.0,125435000000.0,131624000000.0,28858000000.0,-7286000000.0,1.4,1.4,-0.05483014335614245,0.04865704121178038,-0.09257065493315286,0.07881897288868767,25.004371801298714,46.2571551814589,0.9529796997508053,3.97109791929004,0.7988371952764074,32.15206571925406,6.467799717742421,1.3454867586721373,41.38928571428572,55.59273250584638,5.3610625,0.0,0.0,0.0,0.0,0.0,0.0,0.0,0,0.0,0.0,-0.09257065493315286,0.0,-0.05483014335614245,0.0,-0.10089764670997659,-0.5373068140541113,0.42341212259488925,227.942138671875,0.003104716703665966,0.6774188594289234,0.6121660038536397,5842.47021484375,0.004679145956573816,19.579999923706055,-0.051356564791082526,0,4.015999794006348,-0.005448319025069925,103.58999633789062,0.0031957601668921587,2,16,42,10,4,0.9749279121818236,-0.22252093395631434,-0.8660254037844386,0.5000000000000001,0,0,0,0,15,1
2024-10-17 04:00:00,233.43,233.85,230.52,232.15,32993810.0,232.0786,487630,85777000000.0,21448000000.0,39678000000.0,25352000000.0,331612000000.0,264904000000.0,66708000000.0,125435000000.0,131624000000.0,28858000000.0,-7286000000.0,1.4,1.4,-0.05483014335614245,0.04865704121178038,-0.09257065493315286,0.07881897288868767,25.004371801298714,46.2571551814589,0.9529796997508053,3.97109791929004,0.7988371952764074,32.15206571925406,6.467799717742421,1.3454867586721373,41.455357142857146,55.681477483959945,5.3610625,0.0,0.0,0.0,0.0,0.0,0.0,0.0,0,0.0,0.0,-0.09257065493315286,0.0,-0.05483014335614245,0.0,-0.10089764670997659,-0.5373068140541113,0.42341212259488925,228.63771057128906,0.003051528354813593,0.561909881425524,0.5795034324046993,5841.47021484375,-0.00017116047891174713,19.110000610351562,-0.024004050826652468,0,4.0960001945495605,0.01992041948373835,103.83000183105469,0.0023168790582945853,3,17,42,10,4,0.43388373911755823,-0.900968867902419,-0.8660254037844386,0.5000000000000001,0,0,0,0,16,1
2024-10-18 04:00:00,236.18,236.18,234.01,235.0,46431472.0,235.2088,562502,85777000000.0,21448000000.0,39678000000.0,25352000000.0,331612000000.0,264904000000.0,66708000000.0,125435000000.0,131624000000.0,28858000000.0,-7286000000.0,1.4,1.4,-0.05483014335614245,0.04865704121178038,-0.09257065493315286,0.07881897288868767,25.004371801298714,46.2571551814589,0.9529796997508053,3.97109791929004,0.7988371952764074,32.15206571925406,6.467799717742421,1.3454867586721373,41.964285714285715,56.36505366672663,5.3610625,0.0,0.0,0.0,0.0,0.0,0.0,0.0,0,0.0,0.0,-0.09257065493315286,0.0,-0.05483014335614245,0.0,-0.10089764670997659,-0.5373068140541113,0.42341212259488925,229.4525604248047,0.0035639346260054605,0.5550290900242074,0.5761495355613806,5864.669921875,0.00397155273894878,18.030000686645508,-0.05651490786039204,0,4.072999954223633,-0.005615292781610104,103.48999786376953,-0.003274621605404482,4,18,42,10,4,-0.433883739117558,-0.9009688679024191,-0.8660254037844386,0.5000000000000001,0,0,0,0,17,1
2024-10-21 04:00:00,234.45,236.85,234.45,236.48,36254470.0,235.9588,538692,85777000000.0,21448000000.0,39678000000.0,25352000000.0,331612000000.0,264904000000.0,66708000000.0,125435000000.0,131624000000.0,28858000000.0,-7286000000.0,1.4,1.4,-0.05483014335614245,0.04865704121178038,-0.09257065493315286,0.07881897288868767,25.004371801298714,46.2571551814589,0.9529796997508053,3.97109791929004,0.7988371952764074,32.15206571925406,6.467799717742421,1.3454867586721373,42.22857142857143,56.72003357918091,5.3610625,0.0,0.0,0.0,0.0,0.0,0.0,0.0,0,0.0,0.0,-0.09257065493315286,0.0,-0.05483014335614245,0.0,-0.10089764670997659,-0.5373068140541113,0.42341212259488925,230.5257568359375,0.00467720390282822,0.556980872733911,0.5778324730088522,5853.97998046875,-0.0018227694906369774,18.3700008392334,0.018857467534081795,0,4.182000160217285,0.026761651661847186,104.01000213623047,0.005024681449365298,0,21,43,10,4,0.0,1.0,-0.8660254037844386,0.5000000000000001,0,0,0,0,20,1
2024-10-22 04:00:00,233.885,236.22,232.6,235.86,38846578.0,234.9316,489180,85777000000.0,21448000000.0,39678000000.0,25352000000.0,331612000000.0,264904000000.0,66708000000.0,125435000000.0,131624000000.0,28858000000.0,-7286000000.0,1.4,1.4,-0.05483014335614245,0.04865704121178038,-0.09257065493315286,0.07881897288868767,25.004371801298714,46.2571551814589,0.9529796997508053,3.97109791929004,0.7988371952764074,32.15206571925406,6.467799717742421,1.3454867586721373,42.11785714285715,56.57132577801763,5.3610625,0.0,0.0,0.0,0.0,0.0,0.0,0.0,0,0.0,0.0,-0.09257065493315286,0.0,-0.05483014335614245,0.0,-0.10089764670997659,-0.5373068140541113,0.42341212259488925,230.28726196289062,-0.0010345693093922748,0.5590740730601645,0.5784561242193968,5851.2001953125,-0.0004748538883844189,18.200000762939453,-0.009254222565459602,0,4.203999996185303,0.005260601416828825,104.08000183105469,0.0006730092624411821,1,22,43,10,4,0.7818314824680298,0.6234898018587336,-0.8660254037844386,0.5000000000000001,0,0,0,0,21,1
2024-10-23 04:00:00,234.08,235.144,227.76,230.76,52286979.0,231.1276,722059,85777000000.0,21448000000.0,39678000000.0,25352000000.0,331612000000.0,264904000000.0,66708000000.0,125435000000.0,131624000000.0,28858000000.0,-7286000000.0,1.4,1.4,-0.05483014335614245,0.04865704121178038,-0.09257065493315286,0.07881897288868767,25.004371801298714,46.2571551814589,0.9529796997508053,3.97109791929004,0.7988371952764074,32.15206571925406,6.467799717742421,1.3454867586721373,41.207142857142856,55.34808418780356,5.3610625,0.0,0.0,0.0,0.0,0.0,0.0,0.0,0,0.0,0.0,-0.09257065493315286,0.0,-0.05483014335614245,0.0,-0.10089764670997659,-0.5373068140541113,0.42341212259488925,226.98818969726562,-0.01432589991085409,0.6161905676316715,0.5994675424370508,5797.419921875,-0.009191323428069387,19.239999771118164,0.05714280025176999,0,4.242000102996826,0.009039035881542423,104.43000030517578,0.0033627831280136355,2,23,43,10,4,0.9749279121818236,-0.22252093395631434,-0.8660254037844386,0.5000000000000001,0,0,0,0,22,1
2024-10-24 04:00:00,229.98,230.82,228.41,230.57,31109503.0,230.1026,490815,85777000000.0,21448000000.0,39678000000.0,25352000000.0,331612000000.0,264904000000.0,66708000000.0,125435000000.0,131624000000.0,28858000000.0,-7286000000.0,1.4,1.4,-0.05483014335614245,0.04865704121178038,-0.09257065493315286,0.07881897288868767,25.004371801298714,46.2571551814589,0.9529796997508053,3.97109791929004,0.7988371952764074,32.15206571925406,6.467799717742421,1.3454867586721373,41.17321428571429,55.30251244228578,5.3610625,0.0,0.0,0.0,0.0,0.0,0.0,0.0,0,0.0,0.0,-0.09257065493315286,0.0,-0.05483014335614245,0.0,-0.10089764670997659,-0.5373068140541113,0.42341212259488925,227.65399169921875,0.002933201074651004,0.6181735418731923,0.5925234560040915,5809.85986328125,0.002145772011323821,19.079999923706055,-0.008316000484173136,0,4.199999809265137,-0.009901059102289445,104.05999755859375,-0.003543069477169092,3,24,43,10,4,0.43388373911755823,-0.900968867902419,-0.8660254037844386,0.5000000000000001,0,0,0,0,23,1
2024-10-25 04:00:00,229.74,233.22,229.57,231.41,38802304.0,231.6641,551681,85777000000.0,21448000000.0,39678000000.0,25352000000.0,331612000000.0,264904000000.0,66708000000.0,125435000000.0,131624000000.0,28858000000.0,-7286000000.0,1.4,1.4,-0.05483014335614245,0.04865704121178038,-0.09257065493315286,0.07881897288868767,25.004371801298714,46.2571551814589,0.9529796997508053,3.97109791929004,0.7988371952764074,32.15206571925406,6.467799717742421,1.3454867586721373,41.323214285714286,55.503987527732804,5.3610625,0.0,0.0,0.0,0.0,0.0,0.0,0.0,0,0.0,0.0,-0.09257065493315286,0.0,-0.05483014335614245,0.0,-0.10089764670997659,-0.5373068140541113,0.42341212259488925,228.8364715576172,0.005194197780466592,0.6345578225285156,0.5779454873048907,5808.1201171875,-0.00029944716993013376,20.329999923706055,0.06551362709634656,1,4.23199987411499,0.007619063405494009,104.26000213623047,0.0019220121307814697,4,25,43,10,4,-0.433883739117558,-0.9009688679024191,-0.8660254037844386,0.5000000000000001,0,1,0,0,24,1
2024-10-28 04:00:00,233.32,234.73,232.55,233.4,36087134.0,233.5569,557146,85777000000.0,21448000000.0,39678000000.0,25352000000.0,331612000000.0,264904000000.0,66708000000.0,125435000000.0,131624000000.0,28858000000.0,-7286000000.0,1.4,1.4,-0.05483014335614245,0.04865704121178038,-0.09257065493315286,0.07881897288868767,25.004371801298714,46.2571551814589,0.9529796997508053,3.97109791929004,0.7988371952764074,32.15206571925406,6.467799717742421,1.3454867586721373,41.67857142857143,55.9812915992085,5.3610625,0.0,0.0,0.0,0.0,0.0,0.0,0.0,0,0.0,0.0,0.0,0.0,0.0,0.0,0.0,-0.5373068140541113,0.42341212259488925,228.76690673828125,-0.00030399358486188355,0.656040235793513,0.6071414005042454,5823.52001953125,0.0026514435020339455,19.799999237060547,-0.026069881388808724,0,4.2779998779296875,0.01086956644211079,104.31999969482422,0.0005754609376984465,0,28,44,10,4,0.0,1.0,-0.8660254037844386,0.5000000000000001,0,1,0,0,27,1
2024-10-29 04:00:00,233.1,234.325,232.32,233.67,35417247.0,233.5948,484094,85777000000.0,21448000000.0,39678000000.0,25352000000.0,331612000000.0,264904000000.0,66708000000.0,125435000000.0,131624000000.0,28858000000.0,-7286000000.0,1.4,1.4,-0.05483014335614245,0.04865704121178038,-0.09257065493315286,0.07881897288868767,25.004371801298714,46.2571551814589,0.9529796997508053,3.97109791929004,0.7988371952764074,32.15206571925406,6.467799717742421,1.3454867586721373,41.72678571428572,56.046051448102176,5.3610625,0.0,0.0,0.0,0.0,0.0,0.0,0.0,0,0.0,0.0,0.0,0.0,0.0,0.0,0.0,-0.5373068140541113,0.42341212259488925,231.84735107421875,0.013465428106966826,0.4960210876998552,0.5517285216839829,5832.919921875,0.001614127248163344,19.34000015258789,-0.023232277888761477,0,4.27400016784668,-0.0009349486201817303,104.27999877929688,-0.000383444360087859,1,29,44,10,4,0.7818314824680298,0.6234898018587336,-0.8660254037844386,0.5000000000000001,0,1,0,0,28,1
2024-10-30 04:00:00,232.61,233.47,229.55,230.1,47070907.0,230.8805,593652,85777000000.0,21448000000.0,39678000000.0,25352000000.0,331612000000.0,264904000000.0,66708000000.0,125435000000.0,131624000000.0,28858000000.0,-7286000000.0,1.4,1.4,-0.05483014335614245,0.04865704121178038,-0.09257065493315286,0.07881897288868767,25.004371801298714,46.2571551814589,0.9529796997508053,3.97109791929004,0.7988371952764074,32.15206571925406,6.467799717742421,1.3454867586721373,41.089285714285715,55.189782334952326,5.3610625,0.0,0.0,0.0,0.0,0.0,0.0,0.0,0,0.0,0.0,0.0,0.0,0.0,0.0,0.0,-0.5373068140541113,0.42341212259488925,228.16075134277344,-0.015900978442773606,0.560296770186842,0.5823466570243544,5813.669921875,-0.003300233889343751,20.350000381469727,0.05222338267389759,1,4.265999794006348,-0.0018718702681668198,103.98999786376953,-0.0027809831120262363,2,30,44,10,4,0.9749279121818236,-0.22252093395631434,-0.8660254037844386,0.5000000000000001,0,1,0,0,29,1
2024-10-31 04:00:00,229.34,229.83,225.37,225.91,64370086.0,226.6453,767895,85777000000.0,21448000000.0,39678000000.0,25352000000.0,331612000000.0,264904000000.0,66708000000.0,125435000000.0,131624000000.0,28858000000.0,-7286000000.0,1.4,1.4,0.0,0.04865704121178038,0.0,0.07881897288868767,25.004371801298714,46.2571551814589,0.9529796997508053,3.97109791929004,0.7988371952764074,32.15206571925406,6.467799717742421,1.3454867586721373,40.34107142857143,54.1848054206392,5.3610625,0.0,0.0,0.0,0.0,0.0,0.0,0.0,0,0.0,0.0,0.0,0.0,0.0,0.0,0.0,0.0,0.0,220.83729553222656,-0.032097789683137035,0.6356722791874199,0.6325672842812232,5705.4501953125,-0.018614700871699585,23.15999984741211,0.13808350925148427,1,4.283999919891357,0.0042194389953555955,103.9800033569336,-9.611027061495747e-05,3,31,44,10,4,0.43388373911755823,-0.900968867902419,-0.8660254037844386,0.5000000000000001,0,1,0,0,30,1
2024-11-01 04:00:00,220.965,225.35,220.27,222.91,65276741.0,222.8124,859117,85777000000.0,21448000000.0,39678000000.0,25352000000.0,331612000000.0,264904000000.0,66708000000.0,125435000000.0,131624000000.0,28858000000.0,-7286000000.0,1.4,1.4,0.0,0.04865704121178038,0.0,0.07881897288868767,25.004371801298714,46.2571551814589,0.9529796997508053,3.97109791929004,0.7988371952764074,32.15206571925406,6.467799717742421,1.3454867586721373,39.80535714285715,53.465251544042694,5.3610625,0.0,0.0,0.0,0.0,0.0,0.0,0.0,0,0.0,0.0,0.0,0.0,0.0,0.0,0.0,0.0,0.0,222.49673461914062,0.007514306326360076,0.5763850219895618,0.6057670350450063,5728.7998046875,0.004092509543626166,21.8799991607666,-0.055267732948130144,1,4.361000061035156,0.01797388949198475,104.27999877929688,0.0028851261076947576,4,1,44,11,4,-0.433883739117558,-0.9009688679024191,-0.5000000000000004,0.8660254037844384,1,0,0,0,31,0
2024-11-04 05:00:00,220.99,222.79,219.71,222.01,44944468.0,221.7645,647168,85777000000.0,21448000000.0,39678000000.0,25352000000.0,331612000000.0,264904000000.0,66708000000.0,125435000000.0,131624000000.0,28858000000.0,-7286000000.0,1.4,1.4,0.0,0.04865704121178038,0.0,0.07881897288868767,25.004371801298714,46.2571551814589,0.9529796997508053,3.97109791929004,0.7988371952764074,32.15206571925406,6.467799717742421,1.3454867586721373,39.644642857142856,53.24938538106374,5.3610625,0.0,0.0,0.0,0.0,0.0,0.0,0.0,0,0.0,0.0,0.0,0.0,0.0,0.0,0.0,0.0,0.0,222.32781982421875,-0.0007591787592344801,0.5780602738394991,0.6082451795010754,5712.68994140625,-0.002812083478299976,21.979999542236328,0.004570401522182799,1,4.309000015258789,-0.011923881001740688,103.88999938964844,-0.0037399251458934968,0,4,45,11,4,0.0,1.0,-0.5000000000000004,0.8660254037844384,1,0,0,0,34,0
2024-11-05 05:00:00,221.795,223.95,221.14,223.45,28111338.0,223.1048,502059,85777000000.0,21448000000.0,39678000000.0,25352000000.0,331612000000.0,264904000000.0,66708000000.0,125435000000.0,131624000000.0,28858000000.0,-7286000000.0,1.4,1.4,0.0,0.04865704121178038,0.0,0.07881897288868767,25.004371801298714,46.2571551814589,0.9529796997508053,3.97109791929004,0.7988371952764074,32.15206571925406,6.467799717742421,1.3454867586721373,39.901785714285715,53.59477124183007,5.3610625,0.0,0.0,0.0,0.0,0.0,0.0,0.0,0,0.0,0.0,0.0,0.0,0.0,0.0,0.0,0.0,0.0,225.4579315185547,0.014078812524724649,0.5312945589357709,0.6089524790239859,5782.759765625,0.012265644545291332,20.489999771118164,-0.06778888999770039,1,4.289000034332275,-0.004641443688951252,103.41999816894531,-0.004524027562463839,1,5,45,11,4,0.7818314824680298,0.6234898018587336,-0.5000000000000004,0.8660254037844384,1,0,0,0,35,0
2024-11-06 05:00:00,222.61,226.065,221.19,222.72,54561121.0,223.8013,796635,85777000000.0,21448000000.0,39678000000.0,25352000000.0,331612000000.0,264904000000.0,66708000000.0,125435000000.0,131624000000.0,28858000000.0,-7286000000.0,1.4,1.4,0.0,0.04865704121178038,0.0,0.07881897288868767,25.004371801298714,46.2571551814589,0.9529796997508053,3.97109791929004,0.7988371952764074,32.15206571925406,6.467799717742421,1.3454867586721373,39.77142857142857,53.41967979852492,5.3610625,0.0,0.0,0.0,0.0,0.0,0.0,0.0,0,0.0,0.0,0.0,0.0,0.0,0.0,0.0,0.0,0.0,231.8771514892578,0.028471919029270598,0.4144960954806874,0.5669509717931064,5929.0400390625,0.025295927786425976,16.270000457763672,-0.20595409275225196,0,4.426000118255615,0.03194219697521361,105.08999633789062,0.016147729631722063,2,6,45,11,4,0.9749279121818236,-0.22252093395631434,-0.5000000000000004,0.8660254037844384,0,0,0,0,36,0
2024-11-07 05:00:00,224.625,227.875,224.57,227.48,42137691.0,226.791,623242,85777000000.0,21448000000.0,39678000000.0,25352000000.0,331612000000.0,264904000000.0,66708000000.0,125435000000.0,131624000000.0,28858000000.0,-7286000000.0,1.4,1.4,0.0,0.04865704121178038,0.0,0.07881897288868767,25.004371801298714,46.2571551814589,0.9529796997508053,3.97109791929004,0.7988371952764074,32.15206571925406,6.467799717742421,1.3454867586721373,40.621428571428574,54.56137194939138,5.3610625,0.0,0.0,0.0,0.0,0.0,0.0,0.0,0,0.0,0.0,0.0,0.0,0.0,0.0,0.0,0.0,0.0,235.9214630126953,0.017441612929356864,0.475794444323996,0.5776397107504582,5973.10009765625,0.007431229727488331,15.199999809265137,-0.06576525005492273,0,4.341000080108643,-0.019204707608655225,104.51000213623047,-0.005519023902097464,3,7,45,11,4,0.43388373911755823,-0.900968867902419,-0.5000000000000004,0.8660254037844384,0,0,0,0,37,0
2024-11-08 05:00:00,227.17,228.66,226.405,226.96,38328824.0,227.2124,541125,85777000000.0,21448000000.0,39678000000.0,25352000000.0,331612000000.0,264904000000.0,66708000000.0,125435000000.0,131624000000.0,28858000000.0,-7286000000.0,1.4,1.4,0.0,0.04865704121178038,0.0,0.07881897288868767,25.004371801298714,46.2571551814589,0.9529796997508053,3.97109791929004,0.7988371952764074,32.15206571925406,6.467799717742421,1.3454867586721373,40.52857142857143,54.436649277447984,5.3610625,0.0,0.0,0.0,0.0,0.0,0.0,0.0,0,0.0,0.0,0.0,0.0,0.0,0.0,0.0,0.0,0.0,235.66311645507812,-0.0010950532194829998,0.4809870159369303,0.5670300925357686,5995.5400390625,0.0037568333092317108,14.9399995803833,-0.017105278430553206,0,4.306000232696533,-0.008062623074458375,105.0,0.004688526014293037,4,8,45,11,4,-0.433883739117558,-0.9009688679024191,-0.5000000000000004,0.8660254037844384,0,0,0,0,38,0
2024-11-11 05:00:00,225.0,225.7,221.5,224.23,42005602.0,223.4599,555127,85777000000.0,21448000000.0,39678000000.0,25352000000.0,331612000000.0,264904000000.0,66708000000.0,125435000000.0,131624000000.0,28858000000.0,-7286000000.0,1.4,1.4,0.0,0.04865704121178038,0.0,0.07881897288868767,25.004371801298714,46.2571551814589,0.9529796997508053,3.97109791929004,0.7988371952764074,32.15206571925406,6.467799717742421,1.3454867586721373,40.04107142857143,53.781855249745156,5.3610625,0.0,0.0,0.0,0.0,0.0,0.0,0.0,0,0.0,0.0,0.0,0.0,0.0,0.0,0.0,0.0,0.0,234.36138916015625,-0.005523678522557418,0.45906545967144224,0.5698921172756214,6001.35009765625,0.0009690634297987444,14.970000267028809,0.002008078145122605,0,4.308000087738037,0.0004644344945265999,105.54000091552734,0.00514286586216528,0,11,46,11,4,0.0,1.0,-0.5000000000000004,0.8660254037844384,0,0,0,0,41,0
2024-11-12 05:00:00,224.55,225.59,223.355,224.23,40398299.0,224.3724,462612,85777000000.0,21448000000.0,39678000000.0,25352000000.0,331612000000.0,264904000000.0,66708000000.0,125435000000.0,131624000000.0,28858000000.0,-7286000000.0,1.4,1.4,0.0,0.04865704121178038,0.0,0.07881897288868767,25.004371801298714,46.2571551814589,0.9529796997508053,3.97109791929004,0.7988371952764074,32.15206571925406,6.467799717742421,1.3454867586721373,40.04107142857143,53.781855249745156,5.3610625,0.0,0.0,0.0,0.0,0.0,0.0,0.0,0,0.0,0.0,0.0,0.0,0.0,0.0,0.0,0.0,0.0,234.65948486328125,0.0012719488657804146,0.6288672331921369,0.5762684198208652,5983.990234375,-0.00289265965137242,14.710000038146973,-0.017368084451840793,0,4.432000160217285,0.02878367454824171,106.0199966430664,0.004547998136964715,1,12,46,11,4,0.7818314824680298,0.6234898018587336,-0.5000000000000004,0.8660254037844384,0,0,0,0,42,0
2024-11-13 05:00:00,224.01,226.65,222.76,225.12,48566217.0,224.9226,467219,85777000000.0,21448000000.0,39678000000.0,25352000000.0,331612000000.0,264904000000.0,66708000000.0,125435000000.0,131624000000.0,28858000000.0,-7286000000.0,1.4,1.4,0.0,0.04865704121178038,0.0,0.07881897288868767,25.004371801298714,46.2571551814589,0.9529796997508053,3.97109791929004,0.7988371952764074,32.15206571925406,6.467799717742421,1.3454867586721373,40.2,53.995322899802126,5.3610625,0.0,0.0,0.0,0.0,0.0,0.0,0.0,0,0.0,0.0,0.0,0.0,0.0,0.0,0.0,0.0,0.0,233.84466552734375,-0.0034723477570584027,0.6226743256013789,0.5755310793302144,5985.3798828125,0.00023222772482434095,14.020000457763672,-0.04690683742990798,0,4.451000213623047,0.004287015505168634,106.4800033569336,0.004338867463049123,2,13,46,11,4,0.9749279121818236,-0.22252093395631434,-0.5000000000000004,0.8660254037844384,0,0,0,0,43,0
2024-11-14 05:00:00,225.02,228.87,225.0,228.22,44923941.0,227.4472,492068,85777000000.0,21448000000.0,39678000000.0,25352000000.0,331612000000.0,264904000000.0,66708000000.0,125435000000.0,131624000000.0,28858000000.0,-7286000000.0,1.4,1.4,0.0,0.04865704121178038,0.0,0.07881897288868767,25.004371801298714,46.2571551814589,0.9529796997508053,3.97109791929004,0.7988371952764074,32.15206571925406,6.467799717742421,1.3454867586721373,40.75357142857143,54.73886190561852,5.3610625,0.0,0.0,0.0,0.0,0.0,0.0,0.0,0,0.0,0.0,0.0,0.0,0.0,0.0,0.0,0.0,0.0,233.04969787597656,-0.003399554356198209,0.5652858572953432,0.5649789005434191,5949.169921875,-0.006049734794859041,14.3100004196167,0.020684732695029018,0,4.418000221252441,-0.007414062185304604,106.66999816894531,0.001784323873233129,3,14,46,11,4,0.43388373911755823,-0.900968867902419,-0.5000000000000004,0.8660254037844384,0,0,0,0,44,0
2024-11-15 05:00:00,226.4,226.92,224.27,225.0,47923696.0,225.0925,451319,85777000000.0,21448000000.0,39678000000.0,25352000000.0,331612000000.0,264904000000.0,66708000000.0,125435000000.0,131624000000.0,28858000000.0,-7286000000.0,1.4,1.4,0.0,0.04865704121178038,0.0,0.07881897288868767,25.004371801298714,46.2571551814589,0.9529796997508053,3.97109791929004,0.7988371952764074,32.15206571925406,6.467799717742421,1.3454867586721373,40.17857142857143,53.96654074473826,5.3610625,0.0,0.0,0.0,0.0,0.0,0.0,0.0,0,0.0,0.0,0.0,0.0,0.0,0.0,0.0,0.0,0.0,227.26646423339844,-0.024815452220220524,0.61195207331973,0.5740573713174854,5870.6201171875,-0.013203489851361216,16.139999389648438,0.1278825238553527,0,4.427999973297119,0.0022634113951771617,106.69000244140625,0.00018753419709693908,4,15,46,11,4,-0.433883739117558,-0.9009688679024191,-0.5000000000000004,0.8660254037844384,0,0,0,0,45,0
2024-11-18 05:00:00,225.25,229.74,225.17,228.02,44686020.0,228.083,437779,85777000000.0,21448000000.0,39678000000.0,25352000000.0,331612000000.0,264904000000.0,66708000000.0,125435000000.0,131624000000.0,28858000000.0,-7286000000.0,1.4,1.4,0.0,0.04865704121178038,0.0,0.07881897288868767,25.004371801298714,46.2571551814589,0.9529796997508053,3.97109791929004,0.7988371952764074,32.15206571925406,6.467799717742421,1.3454867586721373,40.71785714285715,54.69089164717875,5.3610625,0.0,0.0,0.0,0.0,0.0,0.0,0.0,0,0.0,0.0,0.0,0.0,0.0,0.0,0.0,0.0,0.0,228.00177001953125,0.00323543461906306,0.5966689816895454,0.566086358674069,5893.6201171875,0.003917814394541086,15.579999923706055,-0.03469637466662756,0,4.414000034332275,-0.0031616845188052745,106.27999877929688,-0.0038429436004048245,0,18,47,11,4,0.0,1.0,-0.5000000000000004,0.8660254037844384,0,0,0,0,48,0
2024-11-19 05:00:00,226.98,230.16,226.66,228.28,36211774.0,228.6648,365242,85777000000.0,21448000000.0,39678000000.0,25352000000.0,331612000000.0,264904000000.0,66708000000.0,125435000000.0,131624000000.0,28858000000.0,-7286000000.0,1.4,1.4,0.0,0.04865704121178038,0.0,0.07881897288868767,25.004371801298714,46.2571551814589,0.9529796997508053,3.97109791929004,0.7988371952764074,32.15206571925406,6.467799717742421,1.3454867586721373,40.76428571428572,54.753252983150446,5.3610625,0.0,0.0,0.0,0.0,0.0,0.0,0.0,0,0.0,0.0,0.0,0.0,0.0,0.0,0.0,0.0,0.0,229.86990356445312,0.008193504571310406,0.597715127490365,0.5711808174142986,5916.97998046875,0.003963584828470035,16.350000381469727,0.04942236595213734,0,4.379000186920166,-0.007929281182573411,106.20999908447266,-0.0006586346972922152,1,19,47,11,4,0.7818314824680298,0.6234898018587336,-0.5000000000000004,0.8660254037844384,0,0,0,0,49,0
2024-11-20 05:00:00,228.06,229.93,225.89,229.0,35169566.0,228.08,358455,85777000000.0,21448000000.0,39678000000.0,25352000000.0,331612000000.0,264904000000.0,66708000000.0,125435000000.0,131624000000.0,28858000000.0,-7286000000.0,1.4,1.4,0.0,0.04865704121178038,0.0,0.07881897288868767,25.004371801298714,46.2571551814589,0.9529796997508053,3.97109791929004,0.7988371952764074,32.15206571925406,6.467799717742421,1.3454867586721373,40.892857142857146,54.92594591353361,5.3610625,0.0,0.0,0.0,0.0,0.0,0.0,0.0,0,0.0,0.0,0.0,0.0,0.0,0.0,0.0,0.0,0.0,229.67117309570312,-0.0008645345287416895,0.5606915250938386,0.5696836004880375,5917.10986328125,2.195086225209586e-05,17.15999984741211,0.049541250583724494,0,4.406000137329102,0.006165779688610762,106.68000030517578,0.004425206899110412,2,20,47,11,4,0.9749279121818236,-0.22252093395631434,-0.5000000000000004,0.8660254037844384,0,0,0,0,50,0
2024-11-21 05:00:00,228.88,230.155,225.7103,228.52,42108327.0,228.4689,431685,85777000000.0,21448000000.0,39678000000.0,25352000000.0,331612000000.0,264904000000.0,66708000000.0,125435000000.0,131624000000.0,28858000000.0,-7286000000.0,1.4,1.4,0.0,0.04865704121178038,0.0,0.07881897288868767,25.004371801298714,46.2571551814589,0.9529796997508053,3.97109791929004,0.7988371952764074,32.15206571925406,6.467799717742421,1.3454867586721373,40.807142857142864,54.81081729327817,5.3610625,0.0,0.0,0.0,0.0,0.0,0.0,0.0,0,0.0,0.0,0.0,0.0,0.0,0.0,0.0,0.0,0.0,232.00633239746094,0.010167402683944005,0.5485920030738679,0.5626681993339387,5948.7099609375,0.0053404615405816536,16.8700008392334,-0.016899709251596895,0,4.432000160217285,0.0059010490417152894,106.97000122070312,0.002718418772944764,3,21,47,11,4,0.43388373911755823,-0.900968867902419,-0.5000000000000004,0.8660254037844384,0,0,0,0,51,0
2024-11-22 05:00:00,228.06,230.7199,228.06,229.87,38168252.0,229.6877,380624,85777000000.0,21448000000.0,39678000000.0,25352000000.0,331612000000.0,264904000000.0,66708000000.0,125435000000.0,131624000000.0,28858000000.0,-7286000000.0,1.4,1.4,0.0,0.04865704121178038,0.0,0.07881897288868767,25.004371801298714,46.2571551814589,0.9529796997508053,3.97109791929004,0.7988371952764074,32.15206571925406,6.467799717742421,1.3454867586721373,41.04821428571429,55.1346165377466,5.3610625,0.0,0.0,0.0,0.0,0.0,0.0,0.0,0,0.0,0.0,0.0,0.0,0.0,0.0,0.0,0.0,0.0,232.12557983398438,0.0005139835421352767,0.5399409607263611,0.5837723918641353,5969.33984375,0.003467959094991535,15.239999771118164,-0.0966212796103989,0,4.409999847412109,-0.004963969316304606,107.48999786376953,0.004861144593179212,4,22,47,11,4,-0.433883739117558,-0.9009688679024191,-0.5000000000000004,0.8660254037844384,0,0,0,0,52,0
2024-11-25 05:00:00,231.46,233.245,229.74,232.87,90152832.0,232.3502,510698,85777000000.0,21448000000.0,39678000000.0,25352000000.0,331612000000.0,264904000000.0,66708000000.0,125435000000.0,131624000000.0,28858000000.0,-7286000000.0,1.4,1.4,0.0,0.04865704121178038,0.0,0.07881897288868767,25.004371801298714,46.2571551814589,0.9529796997508053,3.97109791929004,0.7988371952764074,32.15206571925406,6.467799717742421,1.3454867586721373,41.58392857142857,55.85417041434311,5.3610625,0.0,0.0,0.0,0.0,0.0,0.0,0.0,0,0.0,0.0,0.0,0.0,0.0,0.0,0.0,0.0,0.0,232.1156463623047,-4.279352446545648e-05,0.5274306672732312,0.585382149067948,5987.3701171875,0.003020480305938378,14.600000381469727,-0.041994711237550164,0,4.264999866485596,-0.03287981540670648,106.81999969482422,-0.00623312105554652,0,25,48,11,4,0.0,1.0,-0.5000000000000004,0.8660254037844384,0,1,0,0,55,0
2024-11-26 05:00:00,233.33,235.57,233.33,235.06,45986189.0,234.7502,450015,85777000000.0,21448000000.0,39678000000.0,25352000000.0,331612000000.0,264904000000.0,66708000000.0,125435000000.0,131624000000.0,28858000000.0,-7286000000.0,1.4,1.4,0.0,0.04865704121178038,0.0,0.07881897288868767,25.004371801298714,46.2571551814589,0.9529796997508053,3.97109791929004,0.7988371952764074,32.15206571925406,6.467799717742421,1.3454867586721373,41.975,56.379444744258564,5.3610625,0.0,0.0,0.0,0.0,0.0,0.0,0.0,0,0.0,0.0,0.0,0.0,0.0,0.0,0.0,0.0,0.0,233.2782440185547,0.005008700078905193,0.5379896178657066,0.5358775061201759,6021.6298828125,0.005722005647630368,14.100000381469727,-0.0342465744476691,0,4.302000045776367,0.008675306084185097,107.01000213623047,0.0017787159890383375,1,26,48,11,4,0.7818314824680298,0.6234898018587336,-0.5000000000000004,0.8660254037844384,0,1,0,0,56,0
2024-11-27 05:00:00,234.465,235.69,233.8101,234.93,33498439.0,234.7968,339860,85777000000.0,21448000000.0,39678000000.0,25352000000.0,331612000000.0,264904000000.0,66708000000.0,125435000000.0,131624000000.0,28858000000.0,-7286000000.0,1.4,1.4,0.0,0.04865704121178038,0.0,0.07881897288868767,25.004371801298714,46.2571551814589,0.9529796997508053,3.97109791929004,0.7988371952764074,32.15206571925406,6.467799717742421,1.3454867586721373,41.95178571428572,56.34826407627271,5.3610625,0.0,0.0,0.0,0.0,0.0,0.0,0.0,0,0.0,0.0,0.0,0.0,0.0,0.0,0.0,0.0,0.0,230.11831665039062,-0.013545743973933266,0.48470683745345594,0.5305772199841626,5998.740234375,-0.003801238017440034,14.100000381469727,0.0,0,4.242000102996826,-0.013946987945397171,106.08000183105469,-0.008690779241288471,2,27,48,11,4,0.9749279121818236,-0.22252093395631434,-0.5000000000000004,0.8660254037844384,0,1,0,0,57,0
2024-11-29 05:00:00,234.805,237.81,233.97,237.33,28481377.0,236.6232,268955,85777000000.0,21448000000.0,39678000000.0,25352000000.0,331612000000.0,264904000000.0,66708000000.0,125435000000.0,131624000000.0,28858000000.0,-7286000000.0,1.4,1.4,0.0,0.04865704121178038,0.0,0.07881897288868767,25.004371801298714,46.2571551814589,0.9529796997508053,3.97109791929004,0.7988371952764074,32.15206571925406,6.467799717742421,1.3454867586721373,42.38035714285715,56.92390717754992,5.3610625,0.0,0.0,0.0,0.0,0.0,0.0,0.0,0,0.0,0.0,0.0,0.0,0.0,0.0,0.0,0.0,0.0,232.25474548339844,0.00928404511255665,0.33704417932614344,0.5372450981440303,6032.3798828125,0.005607785488815242,13.510000228881836,-0.041843981320970114,0,4.177999973297119,-0.015087253216824137,105.73999786376953,-0.0032051655487963515,4,29,48,11,4,-0.433883739117558,-0.9009688679024191,-0.5000000000000004,0.8660254037844384,0,1,0,0,59,0
2024-12-02 05:00:00,237.27,240.79,237.16,239.59,48137103.0,239.4992,469685,85777000000.0,21448000000.0,39678000000.0,25352000000.0,331612000000.0,264904000000.0,66708000000.0,125435000000.0,131624000000.0,28858000000.0,-7286000000.0,1.4,1.4,0.0,0.04865704121178038,0.0,0.07881897288868767,25.004371801298714,46.2571551814589,0.9529796997508053,3.97109791929004,0.7988371952764074,32.15206571925406,6.467799717742421,1.3454867586721373,42.783928571428575,57.465971097919294,5.3610625,0.0,0.0,0.0,0.0,0.0,0.0,0.0,0,0.0,0.0,0.0,0.0,0.0,0.0,0.0,0.0,0.0,234.46075439453125,0.009498229655292345,0.4251509307450127,0.5395019043555881,6047.14990234375,0.0024484564662998753,13.34000015258789,-0.012583277084667777,0,4.196000099182129,0.004308311632372996,106.44999694824219,0.006714574416649688,0,2,49,12,4,0.0,1.0,-2.4492935982947064e-16,1.0,1,0,0,0,62,0
2024-12-03 05:00:00,239.81,242.76,238.9,242.65,38861017.0,241.644,419384,85777000000.0,21448000000.0,39678000000.0,25352000000.0,331612000000.0,264904000000.0,66708000000.0,125435000000.0,131624000000.0,28858000000.0,-7286000000.0,1.4,1.4,0.0,0.04865704121178038,0.0,0.07881897288868767,25.004371801298714,46.2571551814589,0.9529796997508053,3.97109791929004,0.7988371952764074,32.15206571925406,6.467799717742421,1.3454867586721373,43.330357142857146,58.19991605204773,5.3610625,0.0,0.0,0.0,0.0,0.0,0.0,0.0,0,0.0,0.0,0.0,0.0,0.0,0.0,0.0,0.0,0.0,235.3053741455078,0.003602392874482163,0.4133733005538082,0.5448252912817636,6049.8798828125,0.0004514491145146682,13.300000190734863,-0.002998497855734139,0,4.2230000495910645,0.006434687743262613,106.37000274658203,-0.0007514720897460192,1,3,49,12,4,0.7818314824680298,0.6234898018587336,-2.4492935982947064e-16,1.0,1,0,0,0,63,0
2024-12-04 05:00:00,242.87,244.11,241.25,243.01,44383935.0,242.918,406663,85777000000.0,21448000000.0,39678000000.0,25352000000.0,331612000000.0,264904000000.0,66708000000.0,125435000000.0,131624000000.0,28858000000.0,-7286000000.0,1.4,1.4,0.0,0.04865704121178038,0.0,0.07881897288868767,25.004371801298714,46.2571551814589,0.9529796997508053,3.97109791929004,0.7988371952764074,32.15206571925406,6.467799717742421,1.3454867586721373,43.394642857142856,58.28626251723931,5.3610625,0.0,0.0,0.0,0.0,0.0,0.0,0.0,0,0.0,0.0,0.0,0.0,0.0,0.0,0.0,0.0,0.0,239.60806274414062,0.018285551761228147,0.36895037252765767,0.549838925223886,6086.490234375,0.006051417924264779,13.449999809265137,0.01127816664504766,0,4.179999828338623,-0.010182387105727164,106.33999633789062,-0.0002820946499634269,2,4,49,12,4,0.9749279121818236,-0.22252093395631434,-2.4492935982947064e-16,1.0,1,0,0,0,64,0
2024-12-05 05:00:00,243.99,244.54,242.13,243.04,40033878.0,243.0077,401262,85777000000.0,21448000000.0,39678000000.0,25352000000.0,331612000000.0,264904000000.0,66708000000.0,125435000000.0,131624000000.0,28858000000.0,-7286000000.0,1.4,1.4,0.0,0.04865704121178038,0.0,0.07881897288868767,25.004371801298714,46.2571551814589,0.9529796997508053,3.97109791929004,0.7988371952764074,32.15206571925406,6.467799717742421,1.3454867586721373,43.4,58.29345805600528,5.3610625,0.0,0.0,0.0,0.0,0.0,0.0,0.0,0,0.0,0.0,0.0,0.0,0.0,0.0,0.0,0.0,0.0,238.395751953125,-0.005059557583878771,0.5706987190368248,0.5492559150904176,6075.10986328125,-0.0018697756269248078,13.539999961853027,0.006691461253842901,0,4.179999828338623,0.0,105.70999908447266,-0.005924367830671962,3,5,49,12,4,0.43388373911755823,-0.900968867902419,-2.4492935982947064e-16,1.0,1,0,0,0,65,0
2024-12-06 05:00:00,242.905,244.63,242.08,242.84,36870619.0,243.187,366549,85777000000.0,21448000000.0,39678000000.0,25352000000.0,331612000000.0,264904000000.0,66708000000.0,125435000000.0,131624000000.0,28858000000.0,-7286000000.0,1.4,1.4,0.0,0.04865704121178038,0.0,0.07881897288868767,25.004371801298714,46.2571551814589,0.9529796997508053,3.97109791929004,0.7988371952764074,32.15206571925406,6.467799717742421,1.3454867586721373,43.36428571428572,58.24548779756551,5.3610625,0.0,0.0,0.0,0.0,0.0,0.0,0.0,0,0.0,0.0,0.0,0.0,0.0,0.0,0.0,0.0,0.0,239.3198699951172,0.0038764031423423884,0.4685149602788533,0.5506510722390741,6090.27001953125,0.0024954538421815275,12.770000457763672,-0.056868501200791455,0,4.151000022888184,-0.006937752785019957,105.97000122070312,0.002459579401024259,4,6,49,12,4,-0.433883739117558,-0.9009688679024191,-2.4492935982947064e-16,1.0,0,0,0,0,66,0
2024-12-09 05:00:00,241.83,247.24,241.75,246.75,44649232.0,246.0624,500769,85777000000.0,21448000000.0,39678000000.0,25352000000.0,331612000000.0,264904000000.0,66708000000.0,125435000000.0,131624000000.0,28858000000.0,-7286000000.0,1.4,1.4,0.0,0.04865704121178038,0.0,0.07881897288868767,25.004371801298714,46.2571551814589,0.9529796997508053,3.97109791929004,0.7988371952764074,32.15206571925406,6.467799717742421,1.3454867586721373,44.0625,59.18330635006296,5.3610625,0.0,0.0,0.0,0.0,0.0,0.0,0.0,0,0.0,0.0,0.0,0.0,0.0,0.0,0.0,0.0,0.0,237.75979614257812,-0.006518781129919993,0.3738588708485526,0.530286759739568,6052.85009765625,-0.006144213927296471,14.1899995803833,0.1111980479026784,0,4.198999881744385,0.011563444613716056,106.1500015258789,0.001698596801946728,0,9,50,12,4,0.0,1.0,-2.4492935982947064e-16,1.0,0,0,0,0,69,0
2024-12-10 05:00:00,246.89,248.21,245.34,247.77,36914806.0,247.2778,423350,85777000000.0,21448000000.0,39678000000.0,25352000000.0,331612000000.0,264904000000.0,66708000000.0,125435000000.0,131624000000.0,28858000000.0,-7286000000.0,1.4,1.4,0.0,0.04865704121178038,0.0,0.07881897288868767,25.004371801298714,46.2571551814589,0.9529796997508053,3.97109791929004,0.7988371952764074,32.15206571925406,6.467799717742421,1.3454867586721373,44.244642857142864,59.42795466810578,5.3610625,0.0,0.0,0.0,0.0,0.0,0.0,0.0,0,0.0,0.0,0.0,0.0,0.0,0.0,0.0,0.0,0.0,234.46075439453125,-0.013875523959772096,0.33631155968693605,0.5282304041955844,6034.91015625,-0.002963883313944371,14.180000305175781,-0.0007046705780979767,0,4.2210001945495605,0.0052394173433594204,106.4000015258789,0.0023551577617175745,1,10,50,12,4,0.7818314824680298,0.6234898018587336,-2.4492935982947064e-16,1.0,0,0,0,0,70,0
2024-12-11 05:00:00,247.96,250.8,246.2601,246.49,45205814.0,248.069,455625,85777000000.0,21448000000.0,39678000000.0,25352000000.0,331612000000.0,264904000000.0,66708000000.0,125435000000.0,131624000000.0,28858000000.0,-7286000000.0,1.4,1.4,0.0,0.04865704121178038,0.0,0.07881897288868767,25.004371801298714,46.2571551814589,0.9529796997508053,3.97109791929004,0.7988371952764074,32.15206571925406,6.467799717742421,1.3454867586721373,44.016071428571436,59.12094501409127,5.3610625,0.0,0.0,0.0,0.0,0.0,0.0,0.0,0,0.0,0.0,0.0,0.0,0.0,0.0,0.0,0.0,0.0,237.85914611816406,0.014494501360830192,0.21608753038626527,0.5097315640699887,6084.18994140625,0.008165786048233592,13.579999923706055,-0.04231314305760081,0,4.270999908447266,0.011845465906935582,106.70999908447266,0.0029135108472564397,2,11,50,12,4,0.9749279121818236,-0.22252093395631434,-2.4492935982947064e-16,1.0,0,0,0,0,71,0
2024-12-12 05:00:00,246.89,248.74,245.68,247.96,32777532.0,247.7433,353012,85777000000.0,21448000000.0,39678000000.0,25352000000.0,331612000000.0,264904000000.0,66708000000.0,125435000000.0,131624000000.0,28858000000.0,-7286000000.0,1.4,1.4,0.0,0.04865704121178038,0.0,0.07881897288868767,25.004371801298714,46.2571551814589,0.9529796997508053,3.97109791929004,0.7988371952764074,32.15206571925406,6.467799717742421,1.3454867586721373,44.27857142857143,59.47352641362356,5.3610625,0.0,0.0,0.0,0.0,0.0,0.0,0.0,0,0.0,0.0,0.0,0.0,0.0,0.0,0.0,0.0,0.0,236.52761840820312,-0.005597967249489133,0.20774802335203316,0.536532647964236,6051.25,-0.005414022527810203,13.920000076293945,0.02503683022813319,0,4.323999881744385,0.012409265847160178,106.95999908447266,0.002342798258315959,3,12,50,12,4,0.43388373911755823,-0.900968867902419,-2.4492935982947064e-16,1.0,0,0,0,0,72,0
2024-12-13 05:00:00,247.815,249.2902,246.24,248.13,33155290.0,247.7583,349810,85777000000.0,21448000000.0,39678000000.0,25352000000.0,331612000000.0,264904000000.0,66708000000.0,125435000000.0,131624000000.0,28858000000.0,-7286000000.0,1.4,1.4,0.0,0.04865704121178038,0.0,0.07881897288868767,25.004371801298714,46.2571551814589,0.9529796997508053,3.97109791929004,0.7988371952764074,32.15206571925406,6.467799717742421,1.3454867586721373,44.308928571428574,59.51430113329736,5.3610625,0.0,0.0,0.0,0.0,0.0,0.0,0.0,0,0.0,0.0,0.0,0.0,0.0,0.0,0.0,0.0,0.0,237.5411834716797,0.004285186948981723,0.2325231772722556,0.47339908173876166,6051.08984375,-2.6466639124200775e-05,13.8100004196167,-0.00790227414327227,0,4.39900016784668,0.01734511751929979,107.0,0.0003739801408912946,4,13,50,12,4,-0.433883739117558,-0.9009688679024191,-2.4492935982947064e-16,1.0,0,0,0,0,73,0
2024-12-16 05:00:00,247.99,251.38,247.65,251.04,51694753.0,250.4623,448224,85777000000.0,21448000000.0,39678000000.0,25352000000.0,331612000000.0,264904000000.0,66708000000.0,125435000000.0,131624000000.0,28858000000.0,-7286000000.0,1.4,1.4,0.0,0.04865704121178038,0.0,0.07881897288868767,25.004371801298714,46.2571551814589,0.9529796997508053,3.97109791929004,0.7988371952764074,32.15206571925406,6.467799717742421,1.3454867586721373,44.82857142857143,60.21226839359597,5.3610625,0.0,0.0,0.0,0.0,0.0,0.0,0.0,0,0.0,0.0,0.0,0.0,0.0,0.0,0.0,0.0,0.0,239.9160919189453,0.009997880841360551,-0.11215892129926174,0.4777867138987242,6074.080078125,0.0037993543260221863,14.6899995803833,0.06372187791657047,0,4.396999835968018,-0.0004547242105792382,106.86000061035156,-0.0013084055107330794,0,16,51,12,4,0.0,1.0,-2.4492935982947064e-16,1.0,0,0,0,1,76,0
2024-12-17 05:00:00,250.08,253.83,249.78,253.48,51356360.0,252.982,487662,85777000000.0,21448000000.0,39678000000.0,25352000000.0,331612000000.0,264904000000.0,66708000000.0,125435000000.0,131624000000.0,28858000000.0,-7286000000.0,1.4,1.4,0.0,0.04865704121178038,0.0,0.07881897288868767,25.004371801298714,46.2571551814589,0.9529796997508053,3.97109791929004,0.7988371952764074,32.15206571925406,6.467799717742421,1.3454867586721373,45.26428571428571,60.79750554656113,5.3610625,0.0,0.0,0.0,0.0,0.0,0.0,0.0,0,0.0,0.0,0.0,0.0,0.0,0.0,0.0,0.0,0.0,238.46530151367188,-0.006047074181933509,-0.1557420995934936,0.46674907636206575,6050.60986328125,-0.003863994965801476,15.869999885559082,0.0803267759620312,0,4.385000228881836,-0.0027290442423998362,106.95999908447266,0.0009357895709332098,1,17,51,12,4,0.7818314824680298,0.6234898018587336,-2.4492935982947064e-16,1.0,0,0,0,1,77,0
2024-12-18 05:00:00,252.16,254.28,247.74,248.05,56774101.0,250.5314,564347,85777000000.0,21448000000.0,39678000000.0,25352000000.0,331612000000.0,264904000000.0,66708000000.0,125435000000.0,131624000000.0,28858000000.0,-7286000000.0,1.4,1.4,0.0,0.04865704121178038,0.0,0.07881897288868767,25.004371801298714,46.2571551814589,0.9529796997508053,3.97109791929004,0.7988371952764074,32.15206571925406,6.467799717742421,1.3454867586721373,44.29464285714286,59.495113029921455,5.3610625,0.0,0.0,0.0,0.0,0.0,0.0,0.0,0,0.0,0.0,0.0,0.0,0.0,0.0,0.0,0.0,0.0,230.774169921875,-0.0322526235178745,0.40349207746165683,0.5153609322904126,5872.16015625,-0.02949284635160343,27.6200008392334,0.7403907396600702,1,4.49399995803833,0.024857405579723046,108.02999877929688,0.0100037369482322,2,18,51,12,4,0.9749279121818236,-0.22252093395631434,-2.4492935982947064e-16,1.0,0,0,0,1,78,0
2024-12-19 05:00:00,247.5,252.0,247.0949,249.79,60882264.0,249.8394,532896,85777000000.0,21448000000.0,39678000000.0,25352000000.0,331612000000.0,264904000000.0,66708000000.0,125435000000.0,131624000000.0,28858000000.0,-7286000000.0,1.4,1.4,0.0,0.04865704121178038,0.0,0.07881897288868767,25.004371801298714,46.2571551814589,0.9529796997508053,3.97109791929004,0.7988371952764074,32.15206571925406,6.467799717742421,1.3454867586721373,44.605357142857144,59.912454278347425,5.3610625,0.0,0.0,0.0,0.0,0.0,0.0,0.0,0,0.0,0.0,0.0,0.0,0.0,0.0,0.0,0.0,0.0,231.02259826660156,0.0010764997868291104,0.4030475524693999,0.5176258051037669,5867.080078125,-0.0008651123249070469,24.09000015258789,-0.1278059587033482,1,4.570000171661377,0.01691148516526053,108.41000366210938,0.0035175866620977825,3,19,51,12,4,0.43388373911755823,-0.900968867902419,-2.4492935982947064e-16,1.0,0,0,0,1,79,0
2024-12-20 05:00:00,248.04,255.0,245.69,254.49,147495267.0,253.1916,551019,85777000000.0,21448000000.0,39678000000.0,25352000000.0,331612000000.0,264904000000.0,66708000000.0,125435000000.0,131624000000.0,28858000000.0,-7286000000.0,1.4,1.4,0.0,0.04865704121178038,0.0,0.07881897288868767,25.004371801298714,46.2571551814589,0.9529796997508053,3.97109791929004,0.7988371952764074,32.15206571925406,6.467799717742421,1.3454867586721373,45.44464285714286,61.03975535168196,5.3610625,0.0,0.0,0.0,0.0,0.0,0.0,0.0,0,0.0,0.0,0.0,0.0,0.0,0.0,0.0,0.0,0.0,234.470703125,0.014925400736854666,0.5094278714512949,0.5314455106540592,5930.85009765625,0.010869123768910471,18.360000610351562,-0.23785801186974165,0,4.52400016784668,-0.010065645970856574,107.62000274658203,-0.007287158830744156,4,20,51,12,4,-0.433883739117558,-0.9009688679024191,-2.4492935982947064e-16,1.0,0,0,0,1,80,0
2024-12-23 05:00:00,254.77,255.65,253.45,255.27,40858774.0,254.7699,422563,85777000000.0,21448000000.0,39678000000.0,25352000000.0,331612000000.0,264904000000.0,66708000000.0,125435000000.0,131624000000.0,28858000000.0,-7286000000.0,1.4,1.4,0.0,0.04865704121178038,0.0,0.07881897288868767,25.004371801298714,46.2571551814589,0.9529796997508053,3.97109791929004,0.7988371952764074,32.15206571925406,6.467799717742421,1.3454867586721373,45.58392857142858,61.22683935959705,5.3610625,0.0,0.0,0.0,0.0,0.0,0.0,0.0,0,0.0,0.0,0.0,0.0,0.0,0.0,0.0,0.0,0.0,236.9550018310547,0.010595348045381536,0.48883354823078023,0.5320868776300884,5974.06982421875,0.007287273468533639,16.780000686645508,-0.08605663786390261,0,4.598999977111816,0.016578206561127296,108.04000091552734,0.003902603217120326,0,23,52,12,4,0.0,1.0,-2.4492935982947064e-16,1.0,0,0,0,1,83,0
2024-12-24 05:00:00,255.49,258.21,255.29,258.2,23234705.0,257.4634,245932,85777000000.0,21448000000.0,39678000000.0,25352000000.0,331612000000.0,264904000000.0,66708000000.0,125435000000.0,131624000000.0,28858000000.0,-7286000000.0,1.4,1.4,0.0,0.04865704121178038,0.0,0.07881897288868767,25.004371801298714,46.2571551814589,0.9529796997508053,3.97109791929004,0.7988371952764074,32.15206571925406,6.467799717742421,1.3454867586721373,46.10714285714286,61.92960364573964,5.3610625,0.0,0.0,0.0,0.0,0.0,0.0,0.0,0,0.0,0.0,0.0,0.0,0.0,0.0,0.0,0.0,0.0,239.40345764160156,0.010332999057317105,0.5181934938093962,0.54824029100508,6040.0400390625,0.01104275925539211,14.270000457763672,-0.14958284422952606,0,4.591000080108643,-0.0017394862019977086,108.26000213623047,0.002036294139567296,1,24,52,12,4,0.7818314824680298,0.6234898018587336,-2.4492935982947064e-16,1.0,0,0,0,1,84,0
2024-12-26 05:00:00,258.19,260.1,257.63,259.02,27262983.0,258.9315,362325,85777000000.0,21448000000.0,39678000000.0,25352000000.0,331612000000.0,264904000000.0,66708000000.0,125435000000.0,131624000000.0,28858000000.0,-7286000000.0,1.4,1.4,0.0,0.04865704121178038,0.0,0.07881897288868767,25.004371801298714,46.2571551814589,0.9529796997508053,3.97109791929004,0.7988371952764074,32.15206571925406,6.467799717742421,1.3454867586721373,46.253571428571426,62.126281705342684,5.3610625,0.0,0.0,0.0,0.0,0.0,0.0,0.0,0,0.0,0.0,0.0,0.0,0.0,0.0,0.0,0.0,0.0,239.56271362304688,0.0006652200557759613,0.5152675757759958,0.5003462464797741,6037.58984375,-0.00040565878647391695,14.729999542236328,0.03223539381334706,0,4.578999996185303,-0.0026138278618927924,108.12999725341797,-0.0012008579368851802,3,26,52,12,4,0.43388373911755823,-0.900968867902419,-2.4492935982947064e-16,1.0,0,1,0,1,86,0
2024-12-27 05:00:00,257.83,258.7,253.06,255.59,42355321.0,255.2418,474899,85777000000.0,21448000000.0,39678000000.0,25352000000.0,331612000000.0,264904000000.0,66708000000.0,125435000000.0,131624000000.0,28858000000.0,-7286000000.0,1.4,1.4,0.0,0.04865704121178038,0.0,0.07881897288868767,25.004371801298714,46.2571551814589,0.9529796997508053,3.97109791929004,0.7988371952764074,32.15206571925406,6.467799717742421,1.3454867586721373,45.64107142857143,61.30359177310068,5.3610625,0.0,0.0,0.0,0.0,0.0,0.0,0.0,0,0.0,0.0,0.0,0.0,0.0,0.0,0.0,0.0,0.0,236.37770080566406,-0.013295110784203423,0.5545150604776212,0.5162471684598097,5970.83984375,-0.011055736101235558,15.949999809265137,0.08282418906603617,0,4.61899995803833,0.008735523451921967,108.0,-0.0012022311728474566,4,27,52,12,4,-0.433883739117558,-0.9009688679024191,-2.4492935982947064e-16,1.0,0,1,0,1,87,0
2024-12-30 05:00:00,252.23,253.5,250.75,252.2,35557542.0,252.2669,421634,85777000000.0,21448000000.0,39678000000.0,25352000000.0,331612000000.0,264904000000.0,66708000000.0,125435000000.0,131624000000.0,28858000000.0,-7286000000.0,1.4,1.4,0.0,0.04865704121178038,0.0,0.07881897288868767,25.004371801298714,46.2571551814589,0.9529796997508053,3.97109791929004,0.7988371952764074,32.15206571925406,6.467799717742421,1.3454867586721373,45.035714285714285,60.49049589254662,5.3610625,0.0,0.0,0.0,0.0,0.0,0.0,0.0,0,0.0,0.0,0.0,0.0,0.0,0.0,0.0,0.0,0.0,233.37185668945312,-0.012716276137579308,0.5816914366607175,0.5341901336575396,5906.93994140625,-0.010701995701766776,17.399999618530273,0.0909090800379102,0,4.545000076293945,-0.01602075826296656,108.12999725341797,0.001203678272388542,0,30,1,12,4,0.0,1.0,-2.4492935982947064e-16,1.0,0,1,0,1,90,0
2024-12-31 05:00:00,252.44,253.28,249.43,250.42,39480718.0,250.6934,361255,85777000000.0,21448000000.0,39678000000.0,25352000000.0,331612000000.0,264904000000.0,66708000000.0,125435000000.0,131624000000.0,28858000000.0,-7286000000.0,1.4,1.4,0.0,0.04865704121178038,0.0,0.07881897288868767,25.004371801298714,46.2571551814589,0.9529796997508053,3.97109791929004,0.7988371952764074,32.15206571925406,6.467799717742421,1.3454867586721373,44.71785714285714,60.06356059243269,5.3610625,0.0,0.0,0.0,0.0,0.0,0.0,0.0,0,0.0,0.0,0.0,0.0,0.0,0.0,0.0,0.0,0.0,233.37185668945312,-0.012716276137579308,0.5911132229242734,0.540484617269452,5906.93994140625,0.0,17.350000381469727,-0.002873519434293592,0,4.545000076293945,0.0,108.48999786376953,0.003329331540699476,1,31,1,12,4,0.7818314824680298,0.6234898018587336,-2.4492935982947064e-16,1.0,0,1,1,1,91,0
